SAMPLE_ID,APOC1,CCL19,CCND1,CD163,EIF4B,FASN,FOLR2,FOXO3,HIF1A,IDO1,IGF1R,INSR,IRS2,LAMP3,LGMN,MS4A4A,MYC,PIK3R1,PRKAB1,RBPJ,RPS6,SEPP1,SLC22A1,SLC22A3,SLC47A1,TREM2,TSC2,ULK1
40190,6.1433779691362,-1.2325602443232,4.57034603085179,5.94528883338424,7.89200677020065,5.32467235931451,2.70712028640299,4.83649592926952,8.24547708688115,4.42614370985884,4.27687351179605,3.71197512567045,1.32731127543512,2.21779779068863,6.54630991717576,3.85636503500562,6.53722061295184,7.48227739115993,4.44181468583807,6.02222404243454,10.9389724694094,7.77006080851926,-1.1363449290639,-0.535952387773137,1.50191579781731,4.29424251064258,5.27195056659529,3.49254152805216
40191,5.41344074013023,-1.70217519129788,5.27556265794493,5.16225860506774,7.34232821899967,5.72509574387571,1.82889430142807,5.79767069578533,7.56863404024751,5.14632256408727,6.28127449944224,6.43430332705129,4.3810381769511,4.65608039540725,6.11672648458776,1.99826452684321,7.61966273233155,5.07129373660731,3.00490780047383,6.41863291100074,11.4595802547646,8.11768455548576,-1.59114387890914,-3.17610637963029,0.422152943704322,4.60889191095772,5.29285700117966,3.17948942802247
40193,2.79963011605428,1.30815424421124,6.29268998371395,4.58000171985134,7.86039387065236,4.015107269311,2.59225026557286,3.97290477082604,6.19280962134503,2.61986249678072,5.64779469011374,4.33130520846179,2.36636885815653,4.04596823301576,4.49681580823513,3.35409052837809,5.96283238845904,5.00598038366492,3.50238965305973,5.7213341390237,12.1176197605456,6.35048957614804,0.184165526935782,0.108216673702483,3.32921585973906,3.49495306421794,4.09598000118359,3.04342155090542
40197,3.12905392720708,-1.45906891440741,6.01879584364317,3.11637081219524,8.06377068797862,4.92144911228619,0.44275069165369,5.96144540020201,6.61746542812633,5.1702877056722,5.13613948326036,6.15525347300052,3.01751742526896,6.32814632003492,5.32160034921612,0.83216238325704,5.87090440903598,5.63118282204912,4.54921226067639,5.58590032755818,10.3877616916909,6.42003061515361,-0.952108925687523,-1.61953358660065,0.768737003115406,1.4325549245478,5.54744172041626,4.16798491980278
40199,4.86576621813806,-1.77465088766989,5.6607713383583,5.53995932916875,8.39878830775295,6.15974204789831,2.27182354212961,5.67026538989043,7.40419177747878,2.3208717233744,5.33237932242795,6.31760287046715,3.98404822844359,3.08806025937008,5.60905340480416,2.20371909635856,6.57555166121265,5.6106979704321,3.96617390195195,6.41446767900573,10.5867054774821,8.08355218011892,-0.957514944819704,-0.675115214118979,0.547277207217469,4.71949038525505,5.87913253458015,3.91651101688319
40200,3.53106208523728,-7.25439038292126,6.71652436959456,7.10926530102374,9.31464932628767,6.65821831883723,1.73145155408208,6.53136857428865,8.0905642977809,0.129313909552792,8.18657608548037,6.44312022445661,5.7816114699986,1.8304180048831,5.85983997726971,3.08434599965266,6.20106527673713,5.90847295468687,5.79051596617483,7.03714008175517,10.473722783178,8.89783503256382,-1.52646992835806,0.751234166272618,0.795458166529301,2.67486802571571,7.80921535691196,4.32539694660573
40201,3.78486090308298,-1.53123811300219,4.25518962110035,5.45964357171875,8.36821626956028,6.28502300154296,2.18345056087718,6.28749866931629,7.22741495499875,4.66875078587623,7.10690581065336,6.78529890188436,4.51667735309079,4.07585352177577,6.24057080773953,2.28605504611154,6.95114699969139,5.91250754858358,4.03714710786577,6.31445426527453,11.0919870282829,9.5766749742448,-2.39797158213872,-2.39797158213872,-0.554697085826177,4.32433370532135,6.72994689733202,4.35612992434151
40202,2.47251068334914,-2.38547031177843,3.86703200291022,6.0766440779551,8.68013152482315,6.57582968145841,3.6430073887977,6.64766784424671,8.36344543958538,3.95560751674702,6.81614665115881,7.53754973756042,4.19689881229456,3.22923953233677,6.55390624836527,3.49885812917799,5.20647110895775,6.38510814969386,5.26904226703903,7.149738017321,8.92351592626668,8.87100275373508,-2.59959511713128,-1.88589930228792,0.716550625162076,0.838697734447866,4.92176976131494,4.34104149006987
40203,4.41214309479662,0.0810241066570278,6.42461893978418,6.14289773207188,8.945745535292,7.14767983748764,2.55126248025091,7.37135482396851,8.19359099291422,5.07524992221093,6.12656824205158,5.70983277768493,5.25666275929373,2.71049029157746,6.73061795732926,3.67948244986241,7.88968592740003,7.61346059731445,4.52708128921723,6.96136716024925,10.6689002957875,9.77904983966889,-2.11627733371659,0.493347221238836,2.76214360247413,4.34258885475831,5.48183935612004,4.24793280961217
40204,4.55982029531152,-2.47529601045893,6.78661808003525,6.18099132886461,8.46783865727872,6.6418475600776,2.10503504153058,5.1801659097284,7.41004838588343,4.71376823481146,6.96397548806188,5.55770335429941,4.90308222136196,2.53507070509933,6.17878916084933,2.77554898636695,6.86026612431985,5.25941360976691,5.21926278590165,6.08312470280974,11.087781065241,8.90587253349831,-1.65217377254301,-1.78341830582126,0.0530829618958616,3.49845653954566,5.13544493145334,4.08283030528991
40208,6.23990186030345,-2.10761884926998,3.63016622520277,5.50775999325317,6.77085013495365,3.95454997181645,2.20773659169389,4.78057090066085,7.67924478560906,1.39873381675481,3.64483782663872,4.21921915974118,2.85501429826553,2.16765915231856,5.534268686516,3.13685310553738,6.06093931640842,5.51974921771617,3.59534086084962,5.65272308298559,12.161567613226,10.3065618595026,-0.209498463289197,-0.281648249045033,1.03286237427985,5.57058113032815,4.4704964860549,2.81232789916398
40209,5.18528568416101,-2.41611370637082,5.72446047133908,7.29342967297193,7.5549507856327,6.28501944847715,3.16282500672256,6.08452902969198,7.64016272531449,8.53356712289356,4.75046785199712,5.0140600367054,2.77239272081321,6.08027407349171,6.6171257345021,3.89737402571589,6.23613375366304,5.27271939212228,4.19761437857694,6.20910806881566,10.4754295276343,9.20248592048211,-0.25691511152157,-0.0941856114834618,2.00342518514296,4.38521742805901,6.40300092914925,3.79982369282832
40211,4.41389780823368,-4.45461611566179,7.38922644083461,4.56941538585496,8.82240969235398,6.99153670634751,1.05000427674177,6.85588306349043,8.92733233373343,5.20323822015394,6.34903069842154,6.46200980654945,4.39525807813383,3.17328250020996,5.73347814826462,1.9342622231502,6.08860908238891,5.86075991155705,5.59822360354368,6.77480357256863,11.0048475226628,7.47249514951423,-2.52861669710556,0.845507608907228,-0.176631368362021,3.65076863358582,6.55311199897047,4.69868256719312
323T,4.80831743816696,-2.96414269344446,7.05651049271709,5.70640942380047,8.55939043609692,6.05413931951274,2.07509893814839,7.24552568423798,7.95905368754079,6.02437492772149,8.70830864841964,7.04995984843752,4.76417800943339,6.19468971882154,6.1518954176666,2.67801520885824,5.68162168315676,7.69842097202507,4.60794446218507,6.72760082572681,10.2166166191068,7.61478492331779,-0.42224891461519,-0.393394051943005,-1.21871552053006,3.13202984677842,6.80316547115385,5.553642466871
914T,6.38167255639745,-1.28715023871686,8.97434676069711,7.61016450250894,8.88643923972249,7.94810821977627,2.57866441388874,6.46855727607769,7.73701738628576,5.07502431083921,6.77562969142234,6.74964997243096,4.28243891933336,3.9561072751409,7.51822594891878,4.55899993351146,7.55564117782023,6.30871247210144,5.28802406703307,7.2333133661438,9.38525959432365,8.74508886924949,-1.44761491091011,-7.12004025288161,2.40548055621346,4.62100532412823,6.4643350942598,5.15171455276487
GL4226,4.06972047277957,-2.87526123288886,6.24053537178665,7.37422652451629,7.97051765828375,6.49599955934019,3.75562853828178,6.0655546214166,8.20011235483468,3.8433167055733,6.92980376387072,6.09340556030635,5.92751019809758,3.91229770495971,6.95987499838356,3.84042987111153,6.08641692281112,6.87584232207759,4.35305115999141,6.86629445559605,9.29322945669923,7.90501950740408,-0.748149314985519,-2.87526123288886,1.52426968012248,3.13065873865496,6.22263228261818,4.53546904579364
GL5113,6.26204073653093,0.60931301291265,4.66307399254018,5.25640153049406,7.42255477804717,4.60170874619005,3.88604620532473,4.23526077775833,6.89108058335749,4.16819858683972,4.38649918218489,4.35065398323817,4.76644741391544,2.49355486957597,6.59682939649955,4.29934363076955,5.6471550004714,5.41136124266367,3.75811030353261,5.90230112183869,12.5008092839133,9.91792848455563,-1.27417297836093,0.171626774688606,1.97113383492353,4.76795808948896,4.92109315242393,4.01632260868978
JB 5705,1.92326241843571,-6.61201295818509,8.28540711228265,3.98137816460665,8.26003661874229,7.30992093304947,0.587659386651274,6.95772400258291,7.47321051004935,2.30386642065068,8.67782582870949,6.63160733466215,4.8032006405802,2.40200751212984,5.8599162294566,0.950229466035983,7.95100451556313,5.95807991600296,4.39711583135417,6.88021579106713,10.4597740915361,5.60139508267325,-0.0121001159979624,-2.3640854447415,-1.56761883882664,2.60957416307971,7.79146514894242,4.65886633714369
JB 5727,2.94558582847707,-4.47900039777403,3.88644719077607,5.28221837815535,8.36040025121438,8.28450247101285,1.9506155664277,4.76083677096631,8.37216301544609,2.98534113498707,4.81791580910526,5.66744099444813,3.2611176450591,2.28387989514297,6.03215924576062,2.03512186239668,7.80876968842293,6.52788665870718,5.08667293184731,7.336623060353,11.1253732940171,7.20390642806579,-1.3746637379593,-0.823648569161477,1.36397843401429,2.97550453978334,6.14871586392432,4.72116257622567
JB 5768,5.08777958077882,1.56105312456975,5.00984731222479,6.58409336596781,8.53327386843473,6.46356527966769,3.83557835022632,5.99845843687704,7.72021093709674,3.69213925048678,5.97084403953197,4.80565321073657,4.47923373339749,5.49425694811972,6.77234331570805,4.11904857769063,7.35384889525169,6.11925478008374,4.69601523258643,6.88916135129535,10.5791268233022,7.99413621439048,-1.52398297928605,1.21092014842326,2.37187356604749,4.32043137007433,5.95383309786253,4.58454147749211
JB4234,5.83567706103672,-2.15693451621919,3.79188194315703,5.31942224378732,7.11829463923365,3.35451406018572,3.66422620536345,4.17191299260796,6.98791978491848,1.56047828052562,3.87224650919276,3.81328201475816,3.65240076996666,1.5435052019219,4.69433402726041,3.3786399575398,4.83872393659558,7.02851275733718,3.66814657473479,5.67741497711999,12.2767261511029,7.76867697987398,-0.571972015498033,-0.129453779797082,0.446406513816821,5.9519919734558,4.47017840972096,2.85343219933907
JB4442,4.62568086648791,0.820883159352521,5.2052298710227,4.37267879613848,8.00029879535253,7.48921142960776,1.250748076309,5.90096287352101,7.2397811812346,0.957302357579116,6.6646095876205,6.7160014736926,3.30503194565292,3.10903424225546,5.37420303826747,1.36962547216092,7.30329945867445,5.45324752567621,4.69562323135733,5.98981422686583,10.4708815555968,4.91952432318734,-0.215337028560233,0.130838612573807,0.722198884493114,4.1746497070543,5.62012463519968,3.73332716587998
JB4548,2.02425436810808,-3.02013975125037,6.38221642731236,3.85779322196934,9.99021351429888,6.97627941607762,0.795120368892579,7.04377381882751,7.8094000438721,-0.212784829192768,7.86994910434494,6.14534707563044,6.25580564849713,2.28784915267912,5.59088504605698,1.22778776219321,7.6454011572972,5.00521280210269,3.8292051985564,7.18414922165636,12.2039576092047,8.58793732668837,-1.36302746477338,0.198283767883131,-0.244846038425066,0.459329620623471,6.64915417950349,3.66851405251301
JB4674,5.46226148536887,-1.75269109100338,5.10691121357472,6.9171183027611,7.21922727006123,6.583475845618,1.79520931549623,4.61932223532029,9.75542662018599,5.85785235334142,4.93015086691345,5.24583802182667,3.34762844295307,5.09388943243501,6.95871403345708,3.4499651122718,5.54830798290989,7.01131505577101,5.06748787141181,6.62442511168296,11.9116740639878,7.83561617621788,-1.75269109100338,0.543925915354794,0.883618289717996,4.57002086428951,5.67101860539996,3.1437071307875
JB4675,4.67411466226392,0.676553707715342,7.54358194329341,7.62539444569043,8.40957819312258,7.26192231541761,3.02322315992757,6.46046335422276,8.63480072672975,5.20890436739595,6.74287566600855,6.33020251038031,4.91789919643888,4.38058818280156,6.75215571756654,4.29301314087137,6.52549801946276,6.33453353766483,4.45066403930971,7.05871618498203,9.57449725285884,8.35709855492048,-0.196616270049175,3.29364882937731,-0.00933770185659512,3.36312994506314,6.16979251195886,4.89713466065988
JB4684,3.10551335874668,-0.829482574542195,5.94346741386247,5.86160303528912,9.74157063319503,5.60692178244728,2.63852377983311,8.10304684075311,8.05521342082078,8.47411105122827,7.36478988310744,6.2585018798651,4.65182060244657,4.44373979113438,8.09216329170877,3.12089404857002,6.84491231727907,7.47467234565269,5.71475347228607,7.01405239562961,10.2159973679281,10.6853365542383,-1.20563106042744,-1.33395515740298,2.2482087099655,3.03906170941684,6.50495557868383,5.40562923407132
JB4733,3.25000762496166,-0.274275138025601,6.89576501647108,5.69508657108094,9.13879344190917,7.9690082980717,0.050965690902597,6.70102930243131,7.36767277957048,0.649103580371486,7.80468846862893,6.25450452730243,4.39847531832268,2.12513170953948,5.8080574639928,2.04765295686176,6.27518868147417,5.64445104561844,4.95299500286423,6.6462317280692,9.77452487859212,9.02595906351066,0.577402115017298,1.01749098635151,1.34347729781322,2.43506620843225,6.24006482171409,5.67321905568621
JB4744,4.94172863521535,-0.414909113959659,8.08156859180243,5.13967973771798,8.93603006758677,7.83344976293187,0.667032499576517,6.54697274728023,8.01086536357013,4.59849513756235,7.57591317219122,6.69157734976751,4.63515152894791,1.58976737324981,6.66107351826382,2.15435470040351,6.59457417625771,6.0945317338527,6.06082431700674,6.19155618824757,9.95312957287518,6.87660546686696,-0.848805640489819,-1.63730153529611,0.498213435360374,3.55312177646276,5.83523546734414,4.78947147906983
JB4752,4.6849373758478,-4.20944734076895,4.46550151949663,5.10181442652495,10.3082835524931,7.88618515102818,0.560626565209196,7.98816429266167,7.96703750652294,2.40736402599155,6.14228067290435,7.45519041114228,4.05130421303222,3.12912988299396,7.33240984326176,1.98037721811107,5.82259838616186,5.51968781037261,5.03202515053734,6.44557219625648,11.3372705944711,9.35866146813136,-0.787983572330672,-1.18391224866181,1.47905276406062,4.15874728780964,6.00469828534808,5.28669311396382
JB4757,5.81730780374047,0.620853319543338,7.59648230445479,7.75198015141412,9.06305438556482,6.58829984052741,3.43359814216984,8.09251078740836,8.08439553966828,3.19844705905245,7.53020929895475,7.64607752396151,5.66065834543905,3.51889687447413,7.24408789870198,4.18732286372826,7.17161690477102,7.03217002201397,4.78622114661405,6.87002371424079,9.94807744486246,9.67995568028768,0.543200763890874,0.216277759083119,0.926307774278277,4.59663246787319,7.06712399885216,5.0017255024307
JB4833,3.45178873237197,-2.05900216028664,6.58553622393361,5.65022140089953,9.79943044668863,9.33019312622587,1.8634014346932,7.94461071157509,6.94411685259086,1.13668593722075,9.7625025164544,7.42737086404727,5.1496606152919,3.51536123340459,5.07944261868042,2.28805052875634,8.56114334610614,6.10236808056516,4.48099493965432,7.00308045195673,10.3002354311055,7.0577632718977,-1.43556551175085,0.353596293540784,0.803006836641031,1.6533854111589,6.78436721551344,5.11011028408497
JB4838,4.91351052287956,-0.822604174747151,3.87469127398903,5.82532934710812,8.09304975656839,7.632102498189,1.60429347974175,5.368711156718,7.96499042574694,2.85248739426465,5.93152699972356,5.22137745138737,3.30278492609332,3.82125201502757,6.41832212958595,2.92723363713354,7.12686468719106,6.4013064575779,4.4697608715343,6.07495592116073,11.9750229425572,9.59120335156575,-1.19297262469227,2.22096484019025,-0.76916491578569,4.21683222481534,6.01386306674228,4.06326483516223
JB4841,4.36306632621905,-2.56372382682717,7.01451406471659,5.80779354982367,10.5289153495107,7.26214355491601,2.66417857590155,6.63583167694487,7.57284013645915,4.28415380437399,7.26637633011608,5.88925276967283,6.47767458108244,1.50748312366525,6.21435330270819,2.70395464282405,7.83974476989607,6.9053364930079,4.73788123847508,7.01433431203247,11.7956695120921,8.10832260639864,-1.91164713024748,-1.67063903074368,0.461811265279966,3.18478852116707,7.04809141614376,4.00033490764374
JB4853,4.75004375358205,-1.16753488584818,4.69541236217274,6.71105842447308,8.52913845570546,8.93031492485504,3.03047562881859,8.33650484062701,7.75905762420288,4.94163276979971,7.75293249189606,6.80206194976872,5.02835779992067,3.81501997969241,7.12078107980763,3.7909509075031,6.99148253256204,5.52498673535491,6.16310624780059,7.47670966954452,9.16780393083157,7.60120930365679,-0.814863267529714,-0.850052695992014,2.11159349610591,2.64456835110758,6.48836731664694,3.90747107011358
JB4860,3.88974776696217,0.0197724913117231,7.01822931137839,4.49908475535294,8.87994466570008,5.86222208793605,1.36280621921074,6.53289749680616,7.09501235637782,4.03956802949556,6.82155741759258,5.21437384660067,4.73589698890899,3.52806769071543,5.25283708156605,1.36280621921074,7.41831368552471,6.10477663718817,4.17698644100448,6.06163334392465,11.8872829086239,9.05848936788245,-2.84964339887813,-1.05823002068955,1.71201172835095,2.84008583918096,6.26389843459545,4.46742128409019
JB4878,3.39841416930651,0.450242578231748,6.71917905294646,5.9930337966233,7.86720673407425,8.24885002688537,1.71155023934607,7.06614935834666,8.10910319262144,7.26061433941294,7.15366601767626,6.46130929339546,4.86020187216087,3.83893968533181,6.18128546894764,3.22770634041301,5.76473096283147,6.32113818836057,3.55746591205714,7.23266870116623,9.8844817201167,7.29513225669934,-1.64240670973393,0.194094557983194,1.06029605991573,3.53973424141803,5.78128807509276,4.69817009167533
JB4886,5.31064151480244,-0.0801816612959879,6.70819386634572,4.51433227091226,7.15211759793486,5.46189690414115,2.65991682235518,6.49011406144987,8.15732275706612,1.7241832181558,6.72885244043621,5.9089968454505,5.5319656687514,2.69699025526524,6.01922332743751,2.56951709665257,5.37591974472122,5.50782679600414,4.00728117995435,5.98715526549114,10.7814110098372,8.03491854850665,-1.43381861591069,0.605709748275949,2.00605073634809,3.34462361423168,4.86454100783827,5.3205740500137
JB4887,2.86280363637563,3.06557949409405,5.8068330918771,6.16469835303131,9.10900140808277,7.74525580396472,3.22203317582292,6.6377106741798,7.4893390201153,4.6337747591187,6.28209693391134,6.33582112053018,4.30126731316067,4.3476047012108,6.28396707276628,3.42718286263539,5.72074148419289,6.29652749586981,5.15540662405924,6.94658161906141,9.69476039673992,7.65312175229305,-0.898982225138443,2.57579735783229,1.1633020531159,2.83245660949686,6.02994539196409,4.83660366277397
JB4900,4.39138997200453,-0.496559059950528,6.05513527180692,5.39808298993647,7.77639184033865,7.65075648838944,1.07439658277675,5.94012231069691,7.57443686385619,4.8842627239904,6.81553467483226,5.49656393330207,6.03944877789675,3.85537237958094,5.75494050284318,2.40334510534188,7.6126470387212,5.40439522915937,4.78562285614408,6.37309065773947,10.314652730243,10.2169768835105,-2.08152156067168,-2.21276609394994,-1.05049466505106,2.13300874289179,6.01994034015171,4.64699052606749
JB4904,4.98269506007311,1.88965314860769,6.74285996757824,7.33481258849061,8.51796225000568,7.99516963965532,3.19128168188452,7.54240868930921,8.14223360584273,2.81428788627305,7.08644298491094,7.78047261114032,6.35313673333033,4.84616987484669,6.89261971577126,3.66329579149648,6.31290118434438,7.37019949751507,4.68045847661532,6.74385589129644,9.44434921659775,8.13936038817684,-1.79361142572527,1.65907861503298,1.15460603217219,4.3149130310529,6.65389571734364,5.45893271578869
JB4912,4.99261123952092,-0.0405900079429422,7.76991693146979,6.29949904963003,8.99694773331898,8.11640078388836,2.76122141049911,7.29812394391517,7.71837094667681,1.62593784493429,8.27469634948156,7.2663127292358904,5.38567474675916,4.80127507327601,7.39426207555224,2.94114007663334,6.17369651142195,5.93730454759988,4.42892889481743,6.32108887018767,9.98941975225638,7.60273354508238,-1.47839881488044,-2.30556221801823,1.82504985939926,4.31625334580168,6.81814202143637,5.39465373974384
JB4952,0.676598452869694,0.862011961581013,7.83704617600848,3.88983462558534,8.45537023735367,7.86794677687284,1.31814448195722,6.57148549158717,7.54159815070505,3.17229361549376,8.40253432345501,6.51698974802019,4.69350222741546,4.78237229863183,5.67221218181767,1.16202528003994,6.34481485210464,6.66871944161326,4.52287684219834,6.70175383842354,9.70123157868244,7.03806605240293,-0.752244845934181,-0.624865539457953,-1.73021853960418,0.444555861499526,7.11707612698593,5.19944336366299
JB4960,4.17445898974306,-2.04601738598126,5.00691777214081,6.65001027374364,8.28347595416195,7.34484872081803,1.07095873551209,7.8673976769089,8.10602759253316,5.88743403589839,5.68318995815898,6.64019919269373,5.9186747161503,2.39737422139177,6.78935023849163,2.22228751483368,5.18669522061911,6.72868064859499,5.0284857360549,6.71472503494498,10.3487132434503,8.28807467140832,-3.79603913297291,0.583733036486734,0.532431807781222,2.91820638469321,7.04866663143903,4.76029273575967
JB4962,4.50473347153762,-2.21247979218071,8.83562042617111,7.28838899655098,9.47251753915738,6.83361183272928,3.33044748874323,7.10499393589764,7.66449336877195,2.59626702100356,7.10633779622427,6.73628203885417,5.91108238969636,3.97520664842594,7.2579317556629,3.75361639282653,6.2971347433133,7.10266977007559,4.34169419391797,6.8683017315085,9.10084757616381,7.34039696952347,-2.89837120175265,0.454583788755338,1.0333940624949,3.31869088667975,7.52720960591895,3.90730258392414
JB4976,4.1611492916677,3.34749713114889,7.66189551837279,6.49623057881937,9.52868526406513,7.35842103520943,3.39955878672003,7.35261572922356,7.64312246681197,3.09728006370816,6.79795072390848,6.34923161361911,4.80956548506982,4.15683414874712,6.26553605172869,3.61829418444839,6.78961343102545,6.86451374686981,3.86748758203387,6.60713537924005,10.2218694293094,7.73885255678202,-1.02975284354093,0.720268903450724,2.93540176407288,3.17045472483743,5.76135083201809,4.53927418524725
JB4998,1.91755019004237,-3.12684392931608,7.70379315778593,4.91460462527808,8.54473115800682,7.1251846119255,1.40633602930253,8.69029347806754,7.82494513630832,2.24685781529533,9.25284683788652,7.21668347481618,3.01034428571423,2.45580470556683,5.90212466952684,1.20062234911271,5.92697754905683,7.30497507734728,4.78972458019479,7.52109872745607,10.5628601124239,9.33709301020209,0.270748435503352,-0.257428039126227,-1.04592393393252,2.28906031378029,7.21565816588995,5.71114781549283
JB5019,5.17079172876049,-6.21883961050004,3.06887276904941,5.90818743250456,7.78195266796928,6.10899368625029,2.67294409271828,4.28994555156448,7.34923525902319,3.42321208242794,5.53729968787289,4.48073284278723,1.34340281372104,3.99426460914187,5.88346420671261,3.00757258228875,6.31716470678851,6.07950940515815,4.58125137712496,5.68767523434691,11.0925805562243,8.18130602022915,-0.792574855797937,-1.97091209705645,0.0479469301948659,4.51163052668419,4.93407896563659,3.57069403447032
JB5051,2.0734423492601,0.546443829868266,8.37438609603445,4.35857373611027,9.32091120021735,7.12829590998063,1.80998542327659,6.49739647093784,7.77538426164441,1.16152631896576,7.86627788922935,5.71145680353215,3.71907177362982,2.90206441609052,6.1466704173627,1.48742331605607,5.50534522405333,5.86547754589802,4.94049943965354,7.16022164020153,11.0477393514511,7.03362241538999,-2.38810310864312,0.771442747019195,0.484249068260922,2.44723422594037,6.79781138080601,5.30987333447972
JB5087,4.18039949792575,-1.33933263097936,6.09651546288637,6.59673070081024,8.95026457666271,6.74125744214621,3.57107244880539,5.24452983534546,7.35474916471341,4.67761151009407,5.63375218912584,5.54241553876676,4.43818331018037,3.48426762126812,6.94843604776585,3.68573939097747,6.71661107557933,5.07995959680472,5.553117632243,6.7459293020777,10.958527292875,7.15515713079494,-2.78999403998893,0.0173608820686753,0.42205643712606,2.42981983724574,6.3676897375517,4.16342641932203
JB5214,3.66782632650468,-3.33092079018524,4.67220666614657,6.19546976726527,8.24970418935093,4.35324338824303,1.97893447240155,5.83426537679731,7.22249518197399,4.33757028416979,4.29600500363961,5.35285362867267,5.00645333249522,4.0236959234083,6.09184482372586,2.96063365565861,4.9733671455664,5.66751293559634,4.19699056633483,6.32709228851744,10.4877612381481,9.64582231654909,-0.772925337064349,0.554436643873642,4.41578013058369,3.10833294651443,5.89066633107957,3.27558724081719
JB5223,5.06993973789856,-1.88259352326567,5.46106809356897,5.53123585727609,7.5926573848557,6.12089092534531,1.10879334642962,5.18605681652599,6.96751888151328,4.52356085505719,5.27150124907492,4.79989951511602,2.32127881009998,4.34071869092366,6.22965979327998,2.76126266650905,5.85082538335058,5.6532372701246,5.03399685801951,5.81883671674124,10.5397591322876,7.7414621001265,-1.63105475626971,-2.57447122790334,-0.0850863871644153,2.6587797089078,5.79151465459112,3.48164537647965
JB5234,3.63519051499541,-3.00611749329692,6.42445804503088,7.02105672793854,9.19760835517322,8.32120398405529,2.56284452873052,7.31494843981925,9.26944217935107,4.4528318605721,6.7096426649712,7.7236531795928,4.15849370824893,4.01951064889512,7.76639115428111,3.32953557559984,7.60886293900688,6.55623718107328,5.52089946969807,7.50511192880032,10.9787878274787,9.9495430970235,-3.92365533310494,-3.39314061640617,0.956268214903304,0.557471356631671,7.1609316296294,5.08040903961928
JB5268,6.82627560102576,0.221367368498902,4.07329150488949,6.49479262417218,8.05844997910643,6.01736147673077,2.38378222783394,4.75311319195209,7.55796777535805,6.92349149435135,5.19800509521951,6.28705402127524,2.75834984031824,5.26821088579867,6.92452707630044,3.85819523800965,3.55002132657458,6.73419088721482,4.03160864371844,6.17098956833429,12.1030781523981,7.22189395719727,-2.43263677665191,0.0190591932057869,1.07235741936584,4.79335032306081,5.17730238960046,3.31120762589981
JB5276,4.2268809518481,-4.17094645232293,7.82507300177527,6.30637815997985,8.95301325826936,8.49847646726117,1.59534581311278,6.35387507168216,7.84063025085324,5.20564409737671,8.28463763525568,7.43274611842199,5.77971358411473,5.3932030376628,6.71681814529468,2.70994893475264,6.35583221641762,6.2874601609136,4.47033119335001,6.87178776933996,10.2351541327637,7.08214125293609,-0.470506734181842,-3.51886975574324,1.09316098817609,2.61602322954431,6.04527973424249,4.95723203857021
JB5287,4.90041035661291,-2.77824155972347,6.54567417502946,6.26373962205814,8.32446751161819,5.55662322300075,3.18822148055729,4.52500197189896,8.25627422401556,6.64740631591638,4.27320731716893,6.68251545638039,3.65883731406204,6.41897513338658,6.85036480104082,2.81904421944781,7.25039584119206,7.47852214493613,4.51096366088386,6.78388860561408,11.7657959684382,9.89765063036885,-1.08434468744915,0.649995437310232,-0.98306135161197,3.43693452281374,3.68984337067325,3.84424097925869
JB5293,3.82519715470402,-2.46847268014183,5.6549352208478,5.01256119298068,8.31754339581405,6.97654216572659,1.26226096031286,6.51736925686151,7.94482696157531,6.95598323377955,8.2396301015266,7.22819512758283,3.7629968058465,3.29284928014628,5.89104970199864,2.12269497010603,6.04464229199013,7.36086732645256,4.21512698472176,7.81225809899652,10.4936442429917,7.07515919351614,-2.57156617310594,-2.46847268014183,2.31559801765857,3.01005288454085,7.67050522021438,4.40444097127227
JB5318,4.2444279978734,-1.79909149578934,7.75971184446496,4.54360546419259,8.85758362744883,7.35156971824893,-0.10309768267944,6.61859227296608,7.63562012221421,6.76787583321678,7.36067894969624,7.1108015879807,6.42336533013813,5.9426451280373,6.38340217915603,1.39625610253288,7.30514031319204,5.27857877844341,5.25532289212797,6.57507858027916,11.8136526258785,6.29662198846192,-2.53605708995555,-2.0506302627853,0.736961404450869,3.27985984560548,5.70139190568377,5.33307402968875
JB5427,3.94661289405401,-1.40263580683286,5.23640336664409,5.83838929265374,7.78607423403252,8.79643504915538,2.17049155745133,5.90775421638557,7.95883498737502,6.10438147732521,5.56043025744735,6.82420135381433,4.01306454338385,6.07611398900422,6.81586807409099,2.66809024530814,5.65562125867244,7.55855850564269,3.68732088990604,7.02880034469411,9.92461961607857,7.13766320431942,-2.82713363536077,1.16811283466859,0.59027476838082,2.94035390358233,3.85345722645353,4.0117385368191
JB5439,5.05962140515909,1.54393830493278,5.72724443056574,5.87243696530112,8.62998153658195,8.98482069426779,1.44898990087751,7.00913640392519,8.68231609839412,6.57490410125172,6.65985724031975,6.09206073677281,6.37956634009184,5.13170586980757,6.69769201570394,2.87502639910561,6.46818346611082,6.93880601128334,4.84270867883289,6.67076880103062,10.328184139725,7.19871873786907,-1.55428523115535,-1.45300189531817,1.35435302673944,2.95322112948581,6.2869788961315,4.83896870255593
JB5464,3.6500645108336,-1.49561294436204,5.75627825621202,5.15426375418437,9.22649596392291,7.64286831475712,1.74816690439181,6.87681684797205,8.42181338604704,2.08277690243563,6.74061873378869,5.93049929751779,4.709935966811,3.91223417671033,6.14022058036163,1.73145596418388,5.65062014151287,6.55897904123802,4.47916664048623,6.8449655084451,9.95119780133656,7.88411984969563,-2.32277634749982,0.917784196535551,2.40426575389111,3.10781109220666,7.05988253899079,4.63629077274206
JB5471,5.11837046971529,-3.07638638470696,7.61540844214577,6.00435278027997,8.16619230474439,6.7352244175119,1.76392873612504,5.88786953122082,7.73715905276482,2.44163029210437,6.78952879196283,6.50337322014522,5.13736114534113,4.53181407083072,7.03067680341325,2.55553959498478,6.44174603642156,5.03674291173196,4.72831408390467,6.68877781226498,10.7209950137091,9.10536878786177,-1.60926037427966,-2.91592171251371,-0.534492605877689,1.84457939611328,6.0684217874616,4.39600581555633
JB5506,2.92246393861521,-1.14820691821471,5.74621329892349,5.38891598493028,8.40553252130969,5.97887828550488,3.25756230403266,6.05980750948058,8.19014588788487,3.59082663274792,6.99695266658013,6.4324377951601,2.53392424151345,1.8067521175618,5.90065956829687,2.3240677677974,5.93629654755509,6.4403234141279,5.27116618757033,6.46299933114708,8.57039613638017,7.31933182032587,-1.05657644274914,-0.669553319639892,2.19950520244289,3.41391036439715,6.66662503418562,6.33004882356459
JB5516,3.54651689050406,-2.6385567473727,5.65293630588657,6.35273833117017,8.61880752167898,6.39365432195023,1.3650454893075,7.07162977963702,8.19252876994529,3.2184289424095,6.85529870186812,5.60271142995667,4.83685244602836,6.07692483637579,6.34796796060452,2.61088859371314,7.21312983836072,8.36130235755996,4.72215867802023,6.16815397059254,10.7432943928458,8.25641255157331,-2.15312992020246,-3.58197321900633,-0.227130501646235,3.89687416749858,6.75195617855931,4.43569177597433
JB5523,4.99325953711348,-0.853580900408892,6.67467784234952,5.46306615481273,8.31198322889067,6.86013606072416,0.74610310601903,6.8573844408273,7.91118863932334,0.775102977741582,7.04188951843648,6.86772865502962,6.32663429931245,2.15471842280959,6.53012339206516,2.8468588177322,5.59598047420434,6.07551814849545,5.37701232295634,6.87674552838705,9.67421185800276,8.75389168394296,-0.993305664075505,-0.134481727036199,1.25847760678358,2.8262239719282,6.92282682359456,4.6617550344703
JB5537,3.70096136324101,-2.32858702889562,8.47926825863119,6.28960002837768,9.19559728360415,7.68840943067826,1.92752601028483,6.23190073113526,8.05666326364888,1.72170286916621,7.12412726736289,7.32832092273414,6.34622553776738,4.61329332476708,6.74772303087943,2.84674335556878,4.88901049862631,4.96006084947028,5.18027841595469,6.77051195211502,11.1486208456683,8.40975632675091,-3.14572297174581,-0.318871874062412,-0.00665893400826102,1.72170286916621,6.69235538136084,4.64528483000004
JB5548,4.78238192666082,-1.8075812551187,5.75466116910237,5.49586126892348,8.35149583899661,7.4780778310176,1.86798379438336,6.03068890082083,7.96029665438173,2.61495078070707,5.74786000133463,5.96378593654643,5.48363208774663,4.81094020294653,6.46664588818687,2.2735815977759,6.29454026782893,5.3296945525798,4.39100020494668,6.14035325449486,11.2998235267153,6.84652432206001,-1.8075812551187,-1.51807463792371,0.905136792800829,1.9959519559865,5.66123131870414,4.05132070719041
JB5565,5.33247935508204,-1.75115952416867,9.05158300161873,5.75885294127985,8.91321664611691,5.63185349132,1.76989121273229,6.50415236219093,7.35809654890266,7.60630450855751,6.539596614228,6.35254791631172,5.74996111010672,3.93253693013785,6.61428806438144,3.60639248044941,8.66183364864923,6.11698395549806,4.55990757808693,6.5373836084904,11.9553839785852,5.73136611659925,-0.667095259380195,-0.128229173248493,4.9409328512589,4.24432499470884,5.82445535345096,3.93478062427731
JB5567,5.69925534592283,1.05389124376532,6.13885591116046,6.29560184230155,7.09699896532041,5.50687937227714,1.91024556712186,6.88048126957432,8.13489160093924,5.36398420221571,6.62959113949468,6.21514665044857,4.53036612075121,4.60948287232415,6.17290015215551,3.15185449749748,6.98617355367642,5.38755817510945,4.42312505343104,6.56365331335752,12.4941599266609,9.35847744187917,-1.95556908548375,-0.918094380065082,-2.29660600331881,4.64120916548461,5.76264831441827,4.11504621077539
JB5585,2.34172773548001,-1.05820287140863,7.50818949004264,3.61107591524601,9.34734046652152,5.24232764719689,0.780860910376317,5.89986644812546,7.66145213995519,2.05357037724789,6.75614816085103,5.18507691640165,5.40885918835305,2.99104064761122,5.99370088563759,0.136444559444918,6.71306649052562,5.86753287264428,5.13162168747139,6.38823717641339,11.8093633145853,6.97264815305995,-1.42077295079333,-0.822135513175101,0.505226467762889,1.33868728115996,6.92808163918042,5.20274279069722
JB5615,4.26205683390348,-0.294040850096682,6.46106562376651,6.74082574885041,7.53853793657448,5.72759906430842,3.48085419970185,6.17796743483612,7.61884848613328,5.60692491155473,5.57328853270349,6.12145850373068,5.20201070693599,2.54671128184103,6.13634314707522,4.13167378256219,6.18646796418088,6.19386506171633,4.37977504141947,6.93808514994856,10.317120038391,9.93590081330569,-1.83246076488081,1.10613869045505,1.65173875890543,3.40639886804441,6.3929188416483,3.5712614211702
JB5617,5.74592002122688,-2.27489328302557,7.41237740968757,7.19034659090689,8.67057981664665,7.85227566800468,2.81087127075275,6.24505741947907,8.35661120728038,4.05063704854199,6.18306209702371,6.4117473048384,4.40148697244136,2.52211969481058,6.89412975212235,4.00383492991337,5.58134547687151,7.60499623875499,5.47329956656389,6.98560290392107,9.77755250030609,8.51343353604864,-1.70929610717134,2.64158336141215,2.45846105758826,5.2268643027131,5.14767612783526,4.60823873263171
JB5841,5.05075803983743,-1.65429830637403,9.5892571466752,6.12015088553453,8.62388306766081,8.17692772289069,1.85796100061748,6.15586132989475,8.15309790100862,1.87087110950487,8.64347040949435,6.42511809841915,7.29024483071389,2.89160671856577,7.22716866479365,2.93220471242291,6.61716472153035,7.1590718020532496,4.95018364506655,6.83044714230521,9.18391572261315,6.93364745567547,-1.81041750829131,-1.10681051107153,1.67132427207108,3.15173486108733,6.62575861166834,5.65065260574174
JB5860,3.8761748980781,-4.01013136537433,7.44570954375207,4.44519585493024,7.44385940736742,6.96241770116618,0.847849629753247,5.93384854896941,7.7747488156214,3.50556847290972,7.52582436732647,6.32860501719959,5.9361901117328,1.67356508893219,5.94435578163099,1.60457847874088,5.84005547227145,5.07998105428996,4.49369437262142,7.05339854092628,10.192803593262,5.47891375974048,-0.840206363932013,-1.80849750420467,2.31539896619323,3.51812737738409,6.28149981752658,5.03371617506458
JB5861,4.74153573722738,0.482655326262464,6.74808475470171,6.16680892437339,8.34325079132821,8.32743563397371,2.76218712762755,7.14499746466194,7.81859126465542,4.80816937835698,6.79039703110961,7.07865951918041,6.27253561602202,5.13432396314749,6.85407226815808,3.18760738704578,5.36784095978039,6.65846168538479,5.72731512587214,6.96891248992077,9.14546464561378,9.15612029863197,-1.2391580426712,-0.316562546356802,1.91633988813584,3.07521383196001,6.45099633258335,5.88781604600144
JB5893,4.09446712500538,-1.48906342022265,4.17796361782302,5.04417359687215,7.01627556824974,5.42297047866183,2.06698638858327,4.98203111594023,6.82230648296614,2.76607758345351,5.03076001329431,4.83886341528616,2.37128458944884,4.01495156090853,5.4286638366461,1.69604798503434,4.91059597789728,5.32135520024876,5.5232285548363,5.59181754067612,9.83246208081785,6.67152836353246,-0.389527746671734,-0.671927477372459,1.98280530165287,4.15341811957586,6.04824744002315,4.59738877647435
JB5962,5.96436068135201,1.04699848223143,4.97412888428428,6.70397968280486,7.94261890219794,5.49640680547129,0.466805225658149,4.72820198150961,7.7104976809811,5.52841034592448,5.35307526521714,5.06892526146396,3.49334236332798,4.56764968206652,5.92785912608214,2.32822999574957,6.07801267264745,5.20573354914196,4.28938394400217,6.38955887888368,10.5817200683628,8.1331259176535,-0.308763207731804,-0.765141502391547,0.603009609256461,1.7094605508871,5.68395914354813,4.41869580590602
JB5982,2.14866808394497,-2.64456572986798,7.11047356303064,2.12962232825442,8.25746672612633,6.85509899377669,0.716181613909909,4.93834603128841,7.75233090775795,1.2447308057258,6.88734733848124,4.49498562253081,3.85455536692573,2.17677342162532,5.56886992792851,-0.126717425005362,7.32867503576503,5.82192791646758,5.43855091382993,6.35210033645892,10.9759769452286,8.34985199678126,-0.431572006533783,-2.19710675289676,4.21680320037636,-0.894543982876329,5.11335455676506,4.98809906648551
JH1035,2.0855913092045,-6.95058230334899,6.00851403893298,5.07143866629737,9.05480101632992,6.80586977443782,1.40256452214909,6.58311243719178,7.39128394796317,4.57738333778497,5.07143866629737,6.37233167191903,4.42064982502063,4.22621417479861,5.71453150698626,1.78073672767608,7.54758128567044,7.28505800743856,4.32496025273773,6.38410998434487,10.6254664883514,7.88443182777882,-0.00806779800974811,0.596312156538649,-1.39599345167135,1.44602247783287,5.24325102919756,4.70360616971056
JH1066,3.19279109199034,-4.27807110742337,5.65000306552972,5.62731589759477,7.1703549775473,9.61099549415554,1.07948089719472,6.75769024765028,7.82973443632039,4.05553152084491,4.63062173081914,6.80766689474429,2.75535189411408,5.18422665811552,6.90370233138544,2.61188909223528,6.0862824528337,6.81323203681381,4.23526171631676,6.31270305033719,10.059899162243,7.6351923232054,-1.04541035063309,-1.24244719769264,-0.157055706462,2.61674665588458,6.4554527127843,5.53667156003112
JH1069,5.07741184885239,-3.93660862146255,6.21919344683131,6.31224137342706,8.39153644756736,6.76566027885124,1.11746805129325,7.47719557917781,7.22822848669057,1.79734822283132,7.81711884088408,6.19796030687799,6.23429009310415,1.68462926565016,5.29727730888117,3.61541998989653,7.25807984420186,6.88720087818707,4.87610351076457,6.3111870607532,10.5214063043819,6.88188479390299,-0.0512511874036685,-0.66359012705613,-1.3251739093802,5.20493089254359,6.61979098874548,5.02242732795084
JH1072,4.48320102344993,-4.86478936802363,6.61313750650096,6.12649626109847,8.06379069118326,6.10986421706794,2.54742761219284,6.74976712025398,8.97798654432331,4.36803125302975,6.08187326967784,6.48375438088466,4.01683446897446,3.50007484201433,6.22554363034928,3.71641121390133,5.18551278779473,6.49733710628058,5.00711586963556,7.05742334976182,9.91730448499083,8.88350832477949,-2.36228902749444,-0.341227411966614,3.66007878553401,4.72953523590122,6.59481301406784,4.65025335567794
JH1075,5.90050634804939,0.528168492415863,6.2832219264952,6.42140406396491,8.73989055609306,6.33600337955942,2.16591840749645,6.9688442476648,7.62528457849426,8.77128332722574,8.0053610971464,6.96946307597321,6.63669294919403,5.3106682257871896,7.57398749588114,3.46052081467391,5.73471270893426,6.65347767004819,5.47599144085136,7.62279536558315,9.68880724934884,7.99941453238995,-1.37648363099666,1.48727046123386,0.890738571800571,3.43685014355037,7.09235349387509,4.22031286403658
JH1085,2.90439957795266,-4.70588707912836,9.01689911024072,5.17583871151388,8.87773636256909,8.15065516767537,1.75026195551964,6.57337526318705,7.51346297710665,5.19286544703648,9.27316292383623,7.9610026293119,4.5660427648425,2.86548635684484,5.80724831798937,2.11429188328683,7.48966968299918,7.10476488160824,3.8828275564539,6.38144315538069,10.4866908552247,7.28244257010273,-0.488656362907691,-0.724034425838619,-0.0165879185924679,2.53633431597001,6.94166128810405,3.91102928345045
JH993,4.28264451548247,-3.0991387446959,5.82137952894339,4.15194910964101,8.38953826486617,4.80306885802902,2.75607581614029,4.73164052287303,6.5809276970411,0.417436781045003,5.62689014667395,4.43224271582041,3.0000629330112,0.807751850912615,4.99361839622395,2.17801948007144,4.09178333804145,4.4218072631541,4.25547796889763,6.08766331132641,9.73153050349992,8.22522934758978,-0.777210649808541,-1.05961038050927,1.18214736569411,1.51883881325322,5.81208677513365,3.40159250298022
RG953,4.28394951486977,-7.40997297321124,5.93917000683596,7.04849772420258,8.63887572119467,8.08472638584304,2.01419331560686,7.3247895617954,8.29897617289877,4.30126379458254,5.38789116412251,6.8261159832856,3.28786338475114,4.29263262889901,6.86389545812263,3.29824875682711,5.25602905943366,7.23393957073786,5.13136568475959,7.50268250475025,9.02460639064276,7.13033672305395,-0.870814162103209,3.36234160071041,2.08787886373988,3.11064570734504,6.39264436087394,5.26928718650555
