SAMPLE_ID,ACACA,APOC1,CCL18,CCL19,CCND1,CD163,EIF4B,FASN,FOLR2,FOXO3,HIF1A,IDO1,IGF1R,INSR,IRS2,LAMP3,LGMN,MRC1,MS4A4A,MYC,PIK3R1,PRKAB1,RBPJ,RPS6,SLC22A1,SLC22A3,SLC47A1,TREM2,TSC2,ULK1
05387aad-2a1f-42c2-8d6f-950598,1197.0,51.0,149.0,4.0,11950.0,514.0,18788.0,1359.0,125.0,1657.0,6085.0,225.0,5364.0,3253.0,1571.0,206.0,927.0,737.0,182.0,1715.0,1306.0,1099.0,3276.0,66301.0,6.0,168.0,229.0,61.0,2382.0,978.0
08296da7-70ea-44df-8646-09f2cc,1400.0,930.0,139.0,638.0,2248.0,2139.0,9758.0,1644.0,260.0,2810.0,3966.0,177.0,2045.0,1855.0,845.0,671.0,2654.0,346.0,487.0,2957.0,1622.0,614.0,3286.0,20445.0,16.0,111.0,44.0,97.0,1915.0,1128.0
0c87932d-b6fd-4eb5-b86a-a34d07,575.0,1835.0,115.0,102.0,4867.0,4868.0,11444.0,368.0,271.0,1123.0,3072.0,506.0,760.0,486.0,140.0,489.0,1984.0,484.0,554.0,510.0,1441.0,870.0,2880.0,34017.0,2.0,6.0,15.0,1142.0,293.0,2513.0
0cc794c3-5bf5-4621-b238-58a0f6,711.0,288.0,26.0,7.0,1286.0,315.0,21762.0,266.0,25.0,955.0,2757.0,511.0,541.0,391.0,1040.0,51.0,717.0,93.0,109.0,2254.0,2549.0,479.0,2584.0,109567.0,5.0,6.0,6.0,320.0,267.0,131.0
11b5a745-03a6-4c05-9000-534bf3,713.0,1293.0,64.0,168.0,1995.0,1795.0,17776.0,543.0,341.0,579.0,4406.0,3698.0,348.0,471.0,165.0,258.0,2680.0,499.0,955.0,1488.0,1651.0,478.0,2217.0,69102.0,1.0,78.0,56.0,627.0,382.0,97.0
15524912-685a-47ce-a824-567848,802.0,1588.0,30.0,71.0,3346.0,1301.0,6578.0,572.0,106.0,2274.0,3518.0,429.0,1223.0,1024.0,1105.0,666.0,1549.0,133.0,499.0,166.0,1820.0,1155.0,2493.0,29820.0,17.0,27.0,43.0,581.0,468.0,591.0
161317f3-1a39-438e-af45-cd2502,680.0,1516.0,422.0,282.0,973.0,2151.0,11037.0,91.0,203.0,2753.0,4877.0,594.0,562.0,1141.0,796.0,265.0,1666.0,246.0,689.0,2204.0,1874.0,357.0,2178.0,61426.0,9.0,41.0,15.0,1001.0,152.0,219.0
1772e913-f62e-446a-8cf3-720348,1132.0,463.0,9.0,36.0,884.0,3322.0,12600.0,1108.0,199.0,1604.0,4635.0,851.0,1262.0,535.0,307.0,305.0,2032.0,466.0,423.0,3447.0,1429.0,776.0,3345.0,42020.0,12.0,82.0,86.0,931.0,1905.0,729.0
1a10c200-3895-4648-b951-94f99f,1133.0,961.0,363.0,19.0,393.0,1118.0,12434.0,439.0,237.0,3306.0,4063.0,440.0,168.0,819.0,3436.0,271.0,3171.0,345.0,462.0,573.0,1826.0,2263.0,4327.0,35601.0,1.0,23.0,34.0,917.0,1650.0,648.0
1b2ab076-c72f-4bbe-b9f9-657d24,959.0,467.0,42.0,186.0,1322.0,938.0,10980.0,459.0,242.0,647.0,4540.0,203.0,640.0,573.0,1100.0,147.0,2875.0,259.0,550.0,319.0,2124.0,939.0,2714.0,49601.0,3.0,29.0,78.0,607.0,888.0,625.0
1c9145ad-1981-4871-aa7e-8b11de,2886.0,353.0,107.0,95.0,753.0,3606.0,8299.0,4925.0,307.0,2646.0,6414.0,1087.0,903.0,790.0,190.0,2397.0,2122.0,276.0,395.0,1983.0,1823.0,440.0,2053.0,35973.0,6.0,63.0,18.0,353.0,1573.0,701.0
1de8d3d8-fc0e-4be0-8aa7-127c7b,296.0,575.0,39.0,49.0,1078.0,895.0,10199.0,87.0,261.0,208.0,2663.0,1124.0,88.0,381.0,147.0,35.0,964.0,514.0,920.0,1116.0,563.0,329.0,2492.0,107255.0,0.0,21.0,1.0,619.0,93.0,104.0
2115808b-6a0d-49bc-a8d7-b83bde,820.0,463.0,78.0,127.0,1082.0,2384.0,14469.0,1752.0,382.0,1923.0,4736.0,272.0,1333.0,912.0,1123.0,378.0,1774.0,835.0,668.0,2282.0,2119.0,792.0,4142.0,60566.0,3.0,171.0,131.0,438.0,850.0,928.0
2224c03f-b7b1-4368-887e-2b4cdf,1134.0,609.0,20.0,67.0,1625.0,5178.0,10315.0,2790.0,456.0,1791.0,5103.0,640.0,3314.0,925.0,1057.0,517.0,3249.0,624.0,457.0,1808.0,1832.0,864.0,3531.0,37284.0,6.0,39.0,30.0,576.0,2760.0,732.0
2433b136-fc7b-4cea-b958-bc6efb,1148.0,276.0,4.0,0.0,685.0,337.0,11364.0,190.0,50.0,595.0,2827.0,48.0,175.0,331.0,103.0,52.0,1578.0,125.0,119.0,1311.0,5228.0,681.0,1654.0,59822.0,2.0,25.0,12.0,481.0,579.0,294.0
2563cb02-d58a-4286-8634-7502cd,922.0,600.0,3.0,80.0,935.0,1275.0,9944.0,279.0,208.0,1264.0,3727.0,1195.0,911.0,1112.0,385.0,125.0,1493.0,240.0,519.0,1603.0,1026.0,1023.0,1858.0,34892.0,2.0,15.0,24.0,1362.0,675.0,231.0
256ac9f5-1e19-44b4-92fb-fef3fc,611.0,934.0,1673.0,20.0,1846.0,1368.0,6400.0,512.0,130.0,371.0,4520.0,5244.0,273.0,235.0,700.0,516.0,1622.0,70.0,395.0,342.0,1659.0,760.0,779.0,38831.0,0.0,21.0,7.0,190.0,645.0,427.0
27f3ca2d-a86f-479d-8e7e-5307c7,927.0,264.0,21.0,1.0,2336.0,1695.0,9264.0,384.0,300.0,1316.0,4070.0,357.0,2893.0,1685.0,194.0,341.0,1637.0,347.0,326.0,983.0,1278.0,818.0,1667.0,36695.0,3.0,6.0,5.0,433.0,2247.0,323.0
285fed94-1495-448e-879b-b55de9,983.0,1055.0,557.0,20.0,2912.0,2397.0,13505.0,607.0,392.0,2179.0,4843.0,2302.0,870.0,1264.0,463.0,896.0,2881.0,960.0,252.0,623.0,1573.0,706.0,3925.0,52698.0,6.0,3.0,51.0,566.0,2032.0,604.0
28d0abdb-f682-4bd3-9425-a9c508,1100.0,783.0,433.0,60.0,1665.0,3175.0,9548.0,731.0,262.0,1053.0,7411.0,111.0,902.0,223.0,196.0,425.0,3578.0,945.0,1090.0,836.0,1879.0,971.0,2456.0,30328.0,4.0,47.0,44.0,660.0,709.0,478.0
2a237fd4-f966-4563-bab1-61dbd7,515.0,864.0,91.0,17.0,8202.0,1692.0,11308.0,249.0,420.0,1120.0,6559.0,813.0,612.0,520.0,503.0,194.0,2943.0,516.0,1148.0,1015.0,1509.0,597.0,1998.0,51206.0,3.0,2.0,33.0,589.0,364.0,286.0
2b4ce90c-8036-4207-ac3e-54a76f,1061.0,699.0,41.0,47.0,574.0,1362.0,3993.0,565.0,183.0,2640.0,3007.0,1191.0,1263.0,662.0,662.0,535.0,1257.0,246.0,478.0,858.0,1043.0,613.0,2801.0,57997.0,4.0,29.0,29.0,247.0,1004.0,981.0
2dc28da8-7ff1-4b9b-b5bd-17cc25,515.0,238.0,6.0,28.0,613.0,1002.0,9421.0,353.0,344.0,522.0,1714.0,314.0,697.0,252.0,78.0,351.0,1740.0,297.0,238.0,580.0,756.0,673.0,3486.0,57299.0,13.0,3.0,61.0,215.0,693.0,465.0
2ed8beb2-bc63-4bad-b5fe-1916a0,1088.0,312.0,213.0,4.0,4043.0,2460.0,20096.0,1506.0,398.0,1121.0,5058.0,363.0,2863.0,1085.0,249.0,363.0,2138.0,1115.0,553.0,3240.0,1612.0,978.0,4188.0,76431.0,3.0,15.0,205.0,475.0,2415.0,683.0
2f901c90-617e-46da-9fac-d68369,931.0,402.0,51.0,3.0,489.0,872.0,7176.0,289.0,156.0,1030.0,7599.0,10420.0,87.0,141.0,128.0,221.0,1431.0,191.0,352.0,1243.0,1909.0,461.0,1078.0,31478.0,3.0,19.0,8.0,344.0,442.0,221.0
308ad404-7079-4ff8-8232-12ee2e,3053.0,91.0,12.0,8.0,3479.0,465.0,20173.0,720.0,64.0,902.0,3571.0,121.0,1590.0,917.0,633.0,183.0,2862.0,174.0,273.0,3816.0,572.0,865.0,1490.0,136404.0,5.0,20.0,140.0,132.0,370.0,478.0
347e379b-77c0-4dd3-aa25-18c9d1,1093.0,652.0,70.0,607.0,661.0,5885.0,9732.0,2113.0,568.0,4018.0,14726.0,2718.0,2508.0,895.0,803.0,766.0,4444.0,1197.0,938.0,1854.0,4605.0,907.0,2687.0,36013.0,29.0,108.0,113.0,801.0,1940.0,1069.0
3490835c-c004-45ed-91f3-7c206f,1535.0,397.0,31.0,50.0,1013.0,3509.0,12792.0,5474.0,437.0,2146.0,5610.0,784.0,2552.0,1644.0,2586.0,169.0,2711.0,876.0,422.0,4256.0,2701.0,826.0,4035.0,57264.0,6.0,49.0,66.0,526.0,1924.0,1721.0
35a345a4-e954-4c81-ae3f-7797cd,1690.0,70.0,29.0,1.0,13133.0,643.0,8122.0,2774.0,119.0,2667.0,4818.0,129.0,1980.0,441.0,2107.0,210.0,1910.0,157.0,88.0,1745.0,1040.0,886.0,2064.0,19837.0,4.0,14.0,52.0,73.0,4001.0,2359.0
38f29517-c046-4da5-ba0d-67d614,662.0,546.0,44.0,17.0,1099.0,2072.0,12361.0,457.0,315.0,1382.0,5217.0,400.0,522.0,488.0,449.0,231.0,2179.0,323.0,600.0,662.0,1508.0,350.0,1917.0,57931.0,7.0,324.0,32.0,568.0,1075.0,390.0
3946a96c-e0ae-442f-83b4-a9350e,849.0,1842.0,74.0,384.0,1544.0,2103.0,14827.0,384.0,187.0,1856.0,5384.0,383.0,532.0,634.0,533.0,193.0,3077.0,268.0,467.0,2422.0,1904.0,615.0,1622.0,54565.0,9.0,94.0,128.0,1402.0,687.0,346.0
3a380577-c134-47ba-a1ce-988d7c,640.0,59.0,19.0,2.0,4496.0,287.0,21083.0,229.0,147.0,460.0,1393.0,36.0,440.0,433.0,266.0,55.0,922.0,166.0,233.0,1784.0,516.0,597.0,1353.0,74788.0,3.0,7.0,146.0,327.0,494.0,269.0
3d3e1888-d67e-4c69-ba83-112d0f,873.0,565.0,246.0,157.0,9996.0,1104.0,12546.0,684.0,385.0,1034.0,7265.0,111.0,1239.0,511.0,260.0,83.0,2345.0,966.0,596.0,1242.0,1406.0,569.0,3245.0,61150.0,8.0,35.0,318.0,720.0,656.0,476.0
407c600a-c0ac-41a6-8d87-fd8a3c,717.0,267.0,19.0,6.0,5244.0,851.0,23209.0,121.0,272.0,428.0,2927.0,212.0,263.0,501.0,897.0,81.0,519.0,385.0,562.0,1625.0,7924.0,688.0,3953.0,55675.0,0.0,19.0,28.0,640.0,212.0,143.0
41d0619e-b299-42e2-ac32-29e784,1531.0,719.0,61.0,68.0,567.0,3202.0,10627.0,949.0,470.0,2258.0,4962.0,137.0,1663.0,591.0,421.0,182.0,2167.0,669.0,437.0,301.0,1316.0,696.0,3174.0,45681.0,5.0,54.0,80.0,1007.0,2406.0,798.0
42d860a3-8a0c-4c44-a09a-9ad8cf,2103.0,198.0,29.0,1.0,6133.0,1654.0,7673.0,5290.0,319.0,2452.0,9365.0,630.0,979.0,997.0,1366.0,1249.0,2926.0,352.0,249.0,932.0,1848.0,1098.0,4006.0,39385.0,3.0,84.0,30.0,283.0,2618.0,1331.0
44a9e976-f859-4a0d-9f4f-70b95b,1226.0,130.0,34.0,328.0,942.0,1304.0,10437.0,1597.0,326.0,2959.0,3716.0,2013.0,1983.0,1462.0,1156.0,788.0,1671.0,403.0,555.0,2521.0,1867.0,693.0,2989.0,42883.0,8.0,118.0,66.0,251.0,2738.0,602.0
467256db-a312-4346-9ac0-e49e44,2438.0,781.0,183.0,29.0,1207.0,4396.0,6663.0,2388.0,82.0,2250.0,17704.0,3012.0,304.0,710.0,237.0,3783.0,3215.0,207.0,518.0,2269.0,1891.0,830.0,4129.0,38705.0,2.0,54.0,13.0,288.0,498.0,508.0
46c73531-f531-4ec3-97fe-b39d9d,1597.0,360.0,146.0,163.0,6488.0,5817.0,10759.0,2047.0,754.0,2493.0,10876.0,592.0,1315.0,757.0,580.0,130.0,3565.0,887.0,1333.0,730.0,2449.0,608.0,3543.0,56597.0,8.0,54.0,33.0,414.0,1541.0,655.0
49bd51fe-48a1-4828-b66e-b30c38,1297.0,470.0,1.0,1.0,6671.0,1763.0,4690.0,1075.0,320.0,1165.0,6703.0,9.0,1758.0,285.0,349.0,100.0,3001.0,353.0,459.0,331.0,2262.0,962.0,2377.0,8458.0,11.0,28.0,134.0,699.0,2779.0,904.0
4bc2d3ea-1611-4fc3-85ee-5b06c4,3030.0,217.0,21.0,1.0,524.0,1173.0,13409.0,1216.0,150.0,1863.0,2853.0,1394.0,321.0,576.0,319.0,402.0,1947.0,288.0,207.0,1403.0,1675.0,924.0,1427.0,57226.0,2.0,21.0,16.0,184.0,930.0,264.0
4ccb249a-6722-491e-97e9-e3b4e7,1728.0,389.0,16.0,238.0,1516.0,338.0,5141.0,4083.0,101.0,2580.0,1923.0,183.0,1621.0,1001.0,437.0,407.0,2395.0,128.0,133.0,731.0,1007.0,1094.0,2138.0,17446.0,15.0,78.0,53.0,175.0,3996.0,2382.0
50997c44-1c8b-4d34-b535-4a6cc2,1056.0,264.0,32.0,6.0,7296.0,1293.0,14560.0,1179.0,145.0,2382.0,3268.0,166.0,1954.0,1096.0,1094.0,233.0,1825.0,278.0,254.0,1674.0,1202.0,708.0,2471.0,36582.0,14.0,11.0,24.0,240.0,2020.0,1482.0
51c1c79e-5a8e-4b0a-bf92-1c0cab,2178.0,56.0,14.0,1.0,1861.0,540.0,13626.0,1775.0,102.0,3492.0,2350.0,25.0,4079.0,896.0,1843.0,35.0,1460.0,404.0,102.0,443.0,832.0,907.0,3209.0,36913.0,10.0,43.0,89.0,21.0,3124.0,794.0
52c064a7-78d9-4a1a-85b4-27c6d1,922.0,474.0,9.0,24.0,797.0,1578.0,10358.0,914.0,286.0,1840.0,6001.0,251.0,530.0,515.0,173.0,387.0,1674.0,716.0,280.0,880.0,12609.0,579.0,2874.0,53152.0,6.0,54.0,26.0,279.0,1667.0,926.0
558333b0-ea23-4303-9e3c-4932b1,959.0,89.0,1.0,5.0,2860.0,1120.0,9749.0,1682.0,218.0,3037.0,2446.0,238.0,995.0,1913.0,625.0,992.0,1338.0,485.0,207.0,836.0,1178.0,648.0,2971.0,28527.0,3.0,12.0,18.0,108.0,1325.0,1193.0
5b5c81b1-4e73-48d3-9469-108edd,440.0,575.0,49.0,3.0,14611.0,610.0,10947.0,241.0,148.0,291.0,2299.0,875.0,380.0,227.0,64.0,264.0,1571.0,130.0,498.0,1705.0,802.0,214.0,1741.0,73632.0,3.0,9.0,33.0,436.0,213.0,76.0
5ea22f5e-307b-491d-801f-8b7fa6,1462.0,126.0,38.0,4.0,11762.0,766.0,14453.0,1056.0,281.0,1746.0,5659.0,18.0,1744.0,1284.0,616.0,48.0,1033.0,413.0,248.0,1343.0,5140.0,1037.0,2535.0,41740.0,17.0,24.0,581.0,129.0,2658.0,554.0
627e6e36-3dca-4ee5-9755-6f3510,1507.0,303.0,72.0,25.0,3241.0,1113.0,21693.0,1310.0,277.0,2453.0,12023.0,491.0,1732.0,403.0,511.0,42.0,2082.0,639.0,315.0,853.0,5656.0,1221.0,3207.0,60488.0,7.0,4.0,3226.0,574.0,658.0,315.0
62f5840e-6cd7-4200-b651-645e53,508.0,685.0,413.0,487.0,5163.0,2281.0,15103.0,632.0,383.0,786.0,3685.0,479.0,408.0,261.0,300.0,101.0,1771.0,700.0,1021.0,2478.0,932.0,447.0,3149.0,78839.0,5.0,150.0,28.0,677.0,306.0,179.0
6319b36b-533c-4e86-8e12-80552e,948.0,213.0,18.0,0.0,921.0,1814.0,6911.0,1289.0,391.0,1517.0,3340.0,68.0,4009.0,1396.0,1794.0,36.0,2055.0,636.0,356.0,1265.0,1395.0,671.0,2602.0,29341.0,6.0,6.0,74.0,196.0,1304.0,2563.0
6530147a-efe9-4df6-ac2f-03ece3,1614.0,132.0,64.0,839.0,4269.0,1216.0,10120.0,3291.0,364.0,2386.0,3621.0,106.0,2606.0,1210.0,1460.0,180.0,1912.0,685.0,370.0,1700.0,3527.0,787.0,3359.0,38772.0,9.0,49.0,100.0,204.0,1473.0,1096.0
665f4f0f-130c-4b09-9762-cd0696,715.0,2356.0,83.0,359.0,226.0,1377.0,13307.0,128.0,181.0,1075.0,6034.0,5981.0,32.0,207.0,249.0,103.0,1627.0,372.0,1290.0,1019.0,3650.0,267.0,2239.0,69137.0,0.0,16.0,11.0,2332.0,76.0,46.0
69d552be-7cb2-4bb4-b602-a27b3e,1439.0,596.0,45.0,192.0,998.0,3097.0,8189.0,1629.0,428.0,1808.0,9166.0,306.0,640.0,913.0,715.0,512.0,3362.0,505.0,487.0,1228.0,2656.0,407.0,3335.0,20490.0,4.0,165.0,53.0,586.0,1248.0,580.0
6c9a5bdc-0f0e-4cc8-aec5-63091c,908.0,431.0,5.0,3.0,1293.0,1096.0,16335.0,610.0,254.0,1206.0,3269.0,52.0,607.0,1194.0,126.0,53.0,1881.0,454.0,477.0,5907.0,654.0,1198.0,1026.0,105658.0,5.0,19.0,9.0,929.0,313.0,261.0
7069e990-4a4e-4984-a66d-4d835a,657.0,898.0,158.0,149.0,163.0,552.0,8235.0,348.0,21.0,935.0,3352.0,4263.0,381.0,1311.0,185.0,874.0,1190.0,86.0,161.0,114.0,2762.0,188.0,1438.0,48051.0,5.0,2.0,11.0,386.0,153.0,111.0
74a45e5a-a35a-4c60-a4b4-f3f5ea,1354.0,186.0,12.0,1.0,1103.0,200.0,3100.0,993.0,27.0,974.0,3581.0,96.0,1732.0,1015.0,253.0,176.0,1680.0,36.0,47.0,1779.0,1775.0,311.0,2243.0,27794.0,12.0,25.0,25.0,62.0,579.0,349.0
76e77c6b-c80e-4391-bdbb-e1dcea,1380.0,256.0,84.0,230.0,1105.0,1227.0,4884.0,2305.0,169.0,1983.0,5477.0,5325.0,1280.0,528.0,598.0,369.0,1785.0,329.0,437.0,1408.0,1463.0,362.0,3618.0,33202.0,8.0,67.0,26.0,440.0,674.0,560.0
79b60f32-6cca-4cb6-9a1e-22a3ac,1248.0,483.0,272.0,944.0,1247.0,1321.0,10720.0,308.0,155.0,1142.0,3826.0,422.0,395.0,483.0,799.0,321.0,1965.0,214.0,562.0,683.0,1011.0,868.0,2930.0,47887.0,3.0,22.0,19.0,276.0,293.0,276.0
7c2aeacf-a30d-4104-b60a-7545ee,1519.0,1400.0,388.0,2354.0,209.0,154.0,38425.0,227.0,579.0,480.0,4380.0,140.0,38.0,53.0,20.0,883.0,743.0,36.0,455.0,4192.0,1629.0,1271.0,1652.0,131339.0,1.0,197.0,65.0,50.0,393.0,136.0
7c7ce2d7-6c8a-424e-8e6c-d14ad1,1632.0,410.0,1111.0,29.0,2491.0,6539.0,11025.0,2530.0,367.0,2437.0,11301.0,9411.0,3682.0,1208.0,737.0,141.0,3946.0,2053.0,908.0,1786.0,7691.0,987.0,5332.0,25704.0,4.0,30.0,244.0,201.0,1295.0,816.0
7d953d1d-84b6-4ecd-b1d7-1ed865,1585.0,672.0,60.0,53.0,3177.0,2021.0,6384.0,5683.0,405.0,1341.0,6441.0,331.0,429.0,664.0,661.0,277.0,2489.0,519.0,377.0,2216.0,1609.0,794.0,2852.0,42289.0,2.0,35.0,44.0,494.0,1725.0,1037.0
80873a0c-1f40-4d51-bab1-3f2071,571.0,447.0,204.0,403.0,5381.0,3491.0,9448.0,482.0,564.0,1071.0,6440.0,470.0,1280.0,734.0,506.0,264.0,3294.0,897.0,631.0,1345.0,2583.0,598.0,2027.0,40952.0,6.0,97.0,19.0,632.0,802.0,882.0
8120e7d6-bd09-4334-841c-70a214,894.0,1049.0,172.0,29.0,3156.0,5346.0,14845.0,262.0,548.0,1077.0,7227.0,493.0,1580.0,618.0,303.0,98.0,6230.0,934.0,1721.0,1688.0,1716.0,612.0,4099.0,58204.0,5.0,282.0,329.0,1553.0,281.0,282.0
8d78194e-fbef-4819-a7b5-b73ae9,469.0,1493.0,158.0,81.0,623.0,1841.0,26795.0,111.0,357.0,378.0,4047.0,3178.0,137.0,240.0,96.0,146.0,2262.0,562.0,1224.0,975.0,1102.0,438.0,2038.0,171108.0,0.0,1.0,84.0,492.0,307.0,100.0
8e17b45e-6a06-4e4e-913d-7b1edb,1349.0,362.0,106.0,13.0,284.0,1728.0,10043.0,1462.0,120.0,2690.0,2330.0,823.0,4236.0,874.0,2263.0,622.0,1723.0,638.0,434.0,3604.0,856.0,1399.0,3044.0,26325.0,7.0,6.0,44.0,222.0,3321.0,639.0
8e6a9f67-7c53-4386-9ba0-e48101,422.0,725.0,1.0,13.0,1749.0,655.0,19315.0,52.0,72.0,284.0,3109.0,1497.0,209.0,203.0,55.0,99.0,1313.0,130.0,339.0,2912.0,1081.0,299.0,1406.0,84420.0,6.0,0.0,11.0,995.0,227.0,98.0
91b287fd-eadb-442d-abcd-20b741,1046.0,1026.0,218.0,38.0,1822.0,418.0,11726.0,988.0,77.0,1156.0,4083.0,1346.0,1718.0,1339.0,1004.0,603.0,1680.0,68.0,166.0,1189.0,1320.0,624.0,2334.0,79589.0,8.0,4.0,17.0,317.0,518.0,272.0
927f0958-db5a-4bc5-92b7-2a3695,671.0,1293.0,326.0,552.0,1362.0,1681.0,11975.0,353.0,213.0,1101.0,2803.0,133.0,323.0,260.0,300.0,66.0,2876.0,332.0,705.0,1956.0,1156.0,754.0,1476.0,69746.0,16.0,177.0,23.0,369.0,273.0,224.0
95c2a5bf-a27b-4c83-8791-160e03,1094.0,1018.0,202.0,137.0,4521.0,3881.0,16401.0,390.0,311.0,1043.0,8461.0,215.0,724.0,424.0,288.0,340.0,2850.0,908.0,1396.0,2772.0,1664.0,352.0,3073.0,80145.0,4.0,182.0,33.0,1627.0,239.0,201.0
97cab1b7-a9ba-4c11-9f39-c8c54d,1334.0,306.0,23.0,8.0,502.0,1727.0,12145.0,220.0,189.0,1173.0,3100.0,2094.0,942.0,269.0,260.0,759.0,2192.0,481.0,284.0,956.0,2453.0,928.0,2575.0,58941.0,5.0,16.0,11.0,313.0,1946.0,258.0
9b90eb78-2f50-4aeb-b010-d642f9,1042.0,915.0,29.0,642.0,2805.0,1681.0,14483.0,175.0,191.0,893.0,10714.0,417.0,300.0,421.0,164.0,633.0,3341.0,469.0,1078.0,1992.0,4703.0,688.0,3870.0,45141.0,8.0,45.0,101.0,1822.0,332.0,415.0
9bb753e1-120d-4ea8-b43c-c8fa80,1190.0,154.0,3.0,3.0,1110.0,1538.0,9907.0,288.0,307.0,1832.0,3920.0,233.0,377.0,246.0,249.0,244.0,1782.0,341.0,396.0,1470.0,1462.0,515.0,1482.0,50798.0,13.0,0.0,2.0,496.0,347.0,118.0
9bff7220-903a-4afb-9a63-1dbc3c,1065.0,678.0,23.0,214.0,2194.0,1229.0,10376.0,317.0,209.0,1296.0,3441.0,747.0,813.0,322.0,139.0,760.0,1577.0,370.0,457.0,1609.0,2590.0,744.0,3350.0,73654.0,1.0,53.0,172.0,786.0,350.0,295.0
9c8e78bf-b03e-4ba0-9909-5ff070,864.0,183.0,32.0,28.0,1121.0,495.0,13545.0,470.0,92.0,1348.0,3375.0,889.0,125.0,586.0,367.0,516.0,2066.0,213.0,171.0,790.0,932.0,841.0,2054.0,50795.0,5.0,3.0,120.0,243.0,1023.0,255.0
9e0d47e0-f633-468b-b82b-4d752d,1245.0,445.0,20.0,10.0,1665.0,2328.0,11100.0,1091.0,255.0,1833.0,11144.0,83.0,1879.0,1076.0,678.0,368.0,2595.0,253.0,288.0,952.0,802.0,1326.0,1960.0,32418.0,15.0,27.0,25.0,313.0,1601.0,663.0
a03d1103-b809-42c4-ad5c-5aff58,483.0,46.0,22.0,1.0,1856.0,107.0,17334.0,89.0,63.0,750.0,4005.0,3.0,570.0,391.0,312.0,21.0,631.0,161.0,102.0,1705.0,2605.0,739.0,4068.0,86817.0,0.0,0.0,11.0,62.0,681.0,153.0
a42f5b74-1bab-41cd-b5f7-0182fa,1176.0,1043.0,119.0,80.0,181.0,3802.0,15965.0,77.0,85.0,918.0,4040.0,3261.0,181.0,1283.0,61.0,1150.0,2032.0,764.0,1316.0,403.0,3217.0,490.0,3509.0,35983.0,11.0,2.0,8.0,676.0,173.0,238.0
a8853382-b726-4ce8-98d5-ca89df,1089.0,57.0,4.0,4.0,4552.0,218.0,27430.0,790.0,82.0,3275.0,2584.0,9.0,2785.0,1567.0,935.0,90.0,1209.0,137.0,75.0,2901.0,973.0,533.0,3901.0,95788.0,14.0,21.0,39.0,26.0,901.0,517.0
ad5c848c-ae26-42c8-874e-387a09,969.0,1385.0,33.0,9.0,766.0,3535.0,8630.0,2781.0,312.0,2757.0,4078.0,595.0,248.0,602.0,501.0,347.0,3987.0,600.0,700.0,1372.0,787.0,597.0,1876.0,39682.0,1.0,22.0,37.0,461.0,1721.0,713.0
af95e2c6-25c4-4ab8-bf06-3e15ff,998.0,326.0,34.0,2.0,4632.0,1739.0,15506.0,954.0,286.0,1051.0,6070.0,237.0,1766.0,1293.0,187.0,216.0,1638.0,408.0,312.0,878.0,2183.0,1042.0,2096.0,55098.0,7.0,4.0,33.0,172.0,914.0,722.0
bd266bdd-12e4-42cb-9c49-911bfc,773.0,387.0,154.0,92.0,2846.0,1367.0,4164.0,1275.0,167.0,2868.0,2925.0,1806.0,1461.0,2592.0,2125.0,208.0,1565.0,182.0,285.0,1274.0,970.0,923.0,4075.0,34085.0,8.0,48.0,23.0,228.0,3461.0,464.0
c17b0ff9-9057-4848-a0cc-abb25f,1047.0,678.0,28.0,1.0,1394.0,392.0,6449.0,1009.0,47.0,1833.0,1813.0,1107.0,117.0,506.0,163.0,671.0,2543.0,62.0,63.0,861.0,902.0,511.0,1088.0,18572.0,1.0,7.0,24.0,154.0,2521.0,373.0
ce1e5dfc-2ef1-4633-af93-5ea4d9,2034.0,683.0,28.0,48.0,321.0,1214.0,9765.0,351.0,194.0,891.0,8336.0,44.0,188.0,453.0,118.0,36.0,2670.0,267.0,369.0,1361.0,3000.0,800.0,1424.0,31903.0,12.0,118.0,36.0,918.0,553.0,308.0
cfb8cb2c-53c6-40d7-8069-a1a804,361.0,1916.0,75.0,213.0,1549.0,851.0,8350.0,213.0,171.0,636.0,2069.0,8860.0,694.0,458.0,143.0,136.0,2287.0,237.0,779.0,2511.0,1041.0,430.0,918.0,52809.0,4.0,56.0,51.0,1268.0,129.0,187.0
cfd76f9a-ce60-4ec7-8e6b-a8fc31,2094.0,50.0,15.0,4.0,3938.0,267.0,7437.0,2312.0,78.0,1896.0,3177.0,93.0,5260.0,4591.0,918.0,168.0,1071.0,188.0,94.0,205.0,461.0,1063.0,3468.0,37402.0,4.0,18.0,33.0,11.0,4585.0,1694.0
d109a3c0-350e-47f5-bda0-61899c,1215.0,894.0,364.0,229.0,1582.0,1360.0,8882.0,425.0,120.0,1356.0,5553.0,137.0,670.0,946.0,1020.0,187.0,3109.0,189.0,388.0,573.0,1094.0,685.0,3141.0,35445.0,5.0,56.0,38.0,606.0,597.0,463.0
d38f40fb-dd78-43b2-8b7b-4b6977,1490.0,519.0,1941.0,147.0,732.0,3638.0,10831.0,2192.0,424.0,4787.0,6353.0,1061.0,386.0,873.0,649.0,164.0,1887.0,370.0,469.0,2031.0,1737.0,719.0,4899.0,39981.0,23.0,17.0,26.0,115.0,1029.0,572.0
d945689a-dcf3-44f4-a42f-1ded6d,742.0,359.0,6.0,11.0,447.0,1206.0,14282.0,779.0,151.0,812.0,4430.0,262.0,2197.0,485.0,205.0,596.0,1781.0,498.0,158.0,600.0,704.0,872.0,1832.0,91070.0,9.0,34.0,9.0,607.0,1099.0,507.0
dd3a1c3b-6b49-4ec8-b6df-cdf22e,1667.0,417.0,90.0,285.0,3574.0,2157.0,12781.0,4167.0,346.0,1263.0,3639.0,874.0,1114.0,1295.0,348.0,1661.0,5215.0,621.0,432.0,1942.0,2566.0,1302.0,3283.0,30623.0,12.0,98.0,128.0,319.0,1207.0,583.0
e3ebe010-cd31-4b5d-8fcb-b7103b,1091.0,1101.0,220.0,45.0,1148.0,2970.0,18081.0,2211.0,513.0,1991.0,4320.0,705.0,5446.0,2557.0,830.0,655.0,3099.0,1104.0,585.0,2993.0,1956.0,1174.0,4655.0,48995.0,13.0,23.0,138.0,344.0,1753.0,1149.0
e67153d3-61af-49d6-9402-599b39,1191.0,422.0,3.0,15.0,917.0,2811.0,7566.0,1059.0,109.0,1260.0,8148.0,431.0,280.0,641.0,330.0,814.0,4595.0,243.0,190.0,775.0,8866.0,1092.0,1994.0,30825.0,8.0,102.0,37.0,454.0,630.0,872.0
e7b656bf-3c34-4ba1-bdf3-c7eefe,927.0,933.0,184.0,25.0,769.0,2929.0,6446.0,385.0,152.0,1104.0,6950.0,2854.0,565.0,227.0,199.0,294.0,2336.0,274.0,458.0,2243.0,1839.0,1637.0,2987.0,22206.0,6.0,43.0,25.0,473.0,517.0,195.0
e9d416e7-f661-400a-896e-388545,1291.0,381.0,99.0,127.0,1537.0,3503.0,12448.0,2028.0,234.0,2929.0,5701.0,137.0,2269.0,894.0,1436.0,1011.0,1572.0,524.0,613.0,2566.0,949.0,632.0,2675.0,57192.0,16.0,35.0,191.0,355.0,1321.0,454.0
eb0a53df-7620-4024-8d2d-051142,1363.0,1015.0,150.0,1057.0,4426.0,2213.0,17134.0,267.0,427.0,765.0,6689.0,297.0,620.0,362.0,207.0,635.0,4343.0,791.0,1435.0,1352.0,2202.0,1254.0,3652.0,66654.0,10.0,75.0,403.0,691.0,830.0,451.0
eb3f3494-7057-4afe-b212-e6e9a3,2680.0,708.0,11.0,3.0,766.0,1452.0,19464.0,3906.0,137.0,5894.0,5252.0,85.0,2504.0,2920.0,2443.0,116.0,1534.0,175.0,182.0,3974.0,4600.0,980.0,4486.0,118593.0,16.0,39.0,179.0,621.0,6219.0,1388.0
efc971f8-54c5-4531-a792-705ecf,2141.0,240.0,179.0,138.0,939.0,4763.0,9993.0,4186.0,405.0,2779.0,6234.0,366.0,1599.0,778.0,418.0,807.0,3377.0,826.0,590.0,2421.0,2685.0,846.0,2857.0,17802.0,13.0,54.0,28.0,267.0,1985.0,877.0
f4034d75-d533-47c2-8453-068e37,748.0,1864.0,1247.0,544.0,1235.0,9306.0,9831.0,466.0,1086.0,1781.0,5144.0,307.0,538.0,515.0,271.0,302.0,5442.0,1532.0,1733.0,1625.0,2810.0,697.0,2892.0,48009.0,10.0,497.0,69.0,1245.0,1203.0,464.0
f6c215ea-5381-4521-bb61-be8e97,1644.0,388.0,12.0,129.0,4433.0,2776.0,8922.0,2989.0,328.0,2793.0,4080.0,643.0,5084.0,1074.0,841.0,124.0,1366.0,818.0,437.0,5154.0,2706.0,527.0,3774.0,36652.0,3.0,24.0,64.0,464.0,2890.0,1399.0
fbb41c94-aabd-49cc-90b2-882c3e,2412.0,510.0,1.0,6.0,5862.0,1990.0,9745.0,4306.0,199.0,3037.0,4223.0,188.0,2476.0,1458.0,597.0,129.0,2000.0,214.0,193.0,2797.0,1766.0,1067.0,3018.0,37056.0,11.0,29.0,1.0,759.0,4118.0,1460.0
fe83e13f-9754-403b-8f74-d6caf8,1240.0,341.0,4.0,248.0,2486.0,4466.0,13290.0,1983.0,563.0,2224.0,5213.0,222.0,1907.0,1066.0,862.0,447.0,2376.0,1239.0,899.0,1060.0,7314.0,824.0,3016.0,44995.0,17.0,42.0,255.0,1026.0,1143.0,519.0
